Portfolio,Total Return,Sharpe Ratio
Optimal Strategy,0.09668501242497163,1.064536153057336
Benchmark,0.1115412137151024,1.0626102748899384
